{"cameraMode":{"drawMode":0,"name":"Shaded","section":"Shading Mode"},"sceneLighting":false,"audioPlay":false,"sceneViewState":{"showFog":false,"showMaterialUpdate":false,"showSkybox":false,"showFlares":false,"showImageEffects":false,"showParticleSystems":false,"showVisualEffectGraphs":true,"m_FxEnabled":true},"in2DMode":false,"pivot":{"x":-0.20901226997375489,"y":-0.7984956502914429,"z":-2.1127262115478517},"rotation":{"x":0.00005749444244429469,"y":0.970561146736145,"z":-0.2409197837114334,"w":0.00029175871168263257},"size":1.4475204944610596,"orthographic":false}